{
	"credit": "Made with Blockbench",
	"texture_size": [64, 64],
	"textures": {
		"0": "item/feliex127"
	},
	"elements": [
		{
			"from": [-5, 23, -4],
			"to": [3, 31, 4],
			"rotation": {"angle": 45, "axis": "x", "origin": [0, 3, 0]},
			"faces": {
				"north": {"uv": [6, 2, 8, 4], "texture": "#0"},
				"east": {"uv": [4, 2, 6, 4], "texture": "#0"},
				"south": {"uv": [2, 2, 4, 4], "texture": "#0"},
				"west": {"uv": [0, 2, 2, 4], "texture": "#0"},
				"up": {"uv": [4, 2, 2, 0], "rotation": 180, "texture": "#0"},
				"down": {"uv": [6, 0, 4, 2], "rotation": 180, "texture": "#0"}
			}
		},
		{
			"from": [-5.5, 22, -4.5],
			"to": [3.5, 31, 4.5],
			"rotation": {"angle": 45, "axis": "x", "origin": [0, 3, 0]},
			"faces": {
				"north": {"uv": [14, 2, 16, 4], "texture": "#0"},
				"east": {"uv": [12, 2, 14, 4], "texture": "#0"},
				"south": {"uv": [10, 2, 12, 4], "texture": "#0"},
				"west": {"uv": [8, 2, 10, 4], "texture": "#0"},
				"up": {"uv": [12, 2, 10, 0], "rotation": 180, "texture": "#0"},
				"down": {"uv": [14, 0, 12, 2], "rotation": 180, "texture": "#0"}
			}
		},
		{
			"from": [-5, 11, 9],
			"to": [3, 15, 21],
			"rotation": {"angle": -22.5, "axis": "x", "origin": [1, -1, 6]},
			"faces": {
				"north": {"uv": [9, 4, 7, 5], "texture": "#0"},
				"east": {"uv": [7, 5, 8, 8], "rotation": 270, "texture": "#0"},
				"south": {"uv": [7, 5, 5, 4], "rotation": 180, "texture": "#0"},
				"west": {"uv": [4, 5, 5, 8], "rotation": 90, "texture": "#0"},
				"up": {"uv": [8, 5, 10, 8], "rotation": 180, "texture": "#0"},
				"down": {"uv": [5, 5, 7, 8], "texture": "#0"}
			}
		},
		{
			"from": [-5.25, 10.75, 8.75],
			"to": [3.25, 15.25, 21.25],
			"rotation": {"angle": -22.5, "axis": "x", "origin": [1, -1, 6]},
			"faces": {
				"north": {"uv": [9, 8, 7, 9], "texture": "#0"},
				"east": {"uv": [7, 9, 8, 12], "rotation": 270, "texture": "#0"},
				"south": {"uv": [7, 9, 5, 8], "rotation": 180, "texture": "#0"},
				"west": {"uv": [4, 9, 5, 12], "rotation": 90, "texture": "#0"},
				"up": {"uv": [8, 9, 10, 12], "rotation": 180, "texture": "#0"},
				"down": {"uv": [5, 9, 7, 12], "texture": "#0"}
			}
		},
		{
			"from": [-9, 11, 9],
			"to": [-5, 15, 21],
			"rotation": {"angle": -22.5, "axis": "x", "origin": [1, -1, 6]},
			"faces": {
				"north": {"uv": [13, 4, 12, 5], "texture": "#0"},
				"east": {"uv": [12, 5, 13, 8], "rotation": 270, "texture": "#0"},
				"south": {"uv": [12, 5, 11, 4], "rotation": 180, "texture": "#0"},
				"west": {"uv": [10, 5, 11, 8], "rotation": 90, "texture": "#0"},
				"up": {"uv": [13, 5, 14, 8], "rotation": 180, "texture": "#0"},
				"down": {"uv": [11, 5, 12, 8], "texture": "#0"}
			}
		},
		{
			"from": [-9.25, 10.75, 8.75],
			"to": [-4.75, 15.25, 21.25],
			"rotation": {"angle": -22.5, "axis": "x", "origin": [1, -1, 6]},
			"faces": {
				"north": {"uv": [13, 8, 12, 9], "texture": "#0"},
				"east": {"uv": [12, 9, 13, 12], "rotation": 270, "texture": "#0"},
				"south": {"uv": [12, 9, 11, 8], "rotation": 180, "texture": "#0"},
				"west": {"uv": [10, 9, 11, 12], "rotation": 90, "texture": "#0"},
				"up": {"uv": [13, 9, 14, 12], "rotation": 180, "texture": "#0"},
				"down": {"uv": [11, 9, 12, 12], "texture": "#0"}
			}
		},
		{
			"from": [3, 11, 9],
			"to": [7, 15, 21],
			"rotation": {"angle": -22.5, "axis": "x", "origin": [1, -1, 6]},
			"faces": {
				"north": {"uv": [11, 12, 10, 13], "texture": "#0"},
				"east": {"uv": [10, 13, 11, 16], "rotation": 270, "texture": "#0"},
				"south": {"uv": [10, 13, 9, 12], "rotation": 180, "texture": "#0"},
				"west": {"uv": [8, 13, 9, 16], "rotation": 90, "texture": "#0"},
				"up": {"uv": [11, 13, 12, 16], "rotation": 180, "texture": "#0"},
				"down": {"uv": [9, 13, 10, 16], "texture": "#0"}
			}
		},
		{
			"from": [2.75, 10.75, 8.75],
			"to": [7.25, 15.25, 21.25],
			"rotation": {"angle": -22.5, "axis": "x", "origin": [1, -1, 6]},
			"faces": {
				"north": {"uv": [15, 12, 14, 13], "texture": "#0"},
				"east": {"uv": [14, 13, 15, 16], "rotation": 270, "texture": "#0"},
				"south": {"uv": [14, 13, 13, 12], "rotation": 180, "texture": "#0"},
				"west": {"uv": [12, 13, 13, 16], "rotation": 90, "texture": "#0"},
				"up": {"uv": [15, 13, 16, 16], "rotation": 180, "texture": "#0"},
				"down": {"uv": [13, 13, 14, 16], "texture": "#0"}
			}
		},
		{
			"from": [-4.9, 0, 3],
			"to": [-0.9, 12, 7],
			"rotation": {"angle": 0, "axis": "x", "origin": [0, 0, 5]},
			"faces": {
				"north": {"uv": [3, 5, 4, 8], "texture": "#0"},
				"east": {"uv": [2, 5, 3, 8], "texture": "#0"},
				"south": {"uv": [1, 5, 2, 8], "texture": "#0"},
				"west": {"uv": [0, 5, 1, 8], "texture": "#0"},
				"up": {"uv": [2, 5, 1, 4], "rotation": 180, "texture": "#0"},
				"down": {"uv": [3, 4, 2, 5], "rotation": 180, "texture": "#0"}
			}
		},
		{
			"from": [-5.15, -0.25, 2.75],
			"to": [-0.65, 12.25, 7.25],
			"rotation": {"angle": 0, "axis": "x", "origin": [0, 0, 5]},
			"faces": {
				"north": {"uv": [3, 9, 4, 12], "texture": "#0"},
				"east": {"uv": [2, 9, 3, 12], "texture": "#0"},
				"south": {"uv": [1, 9, 2, 12], "texture": "#0"},
				"west": {"uv": [0, 9, 1, 12], "texture": "#0"},
				"up": {"uv": [2, 9, 1, 8], "rotation": 180, "texture": "#0"},
				"down": {"uv": [3, 8, 2, 9], "rotation": 180, "texture": "#0"}
			}
		},
		{
			"from": [-1.1, 0, 3],
			"to": [2.9, 12, 7],
			"rotation": {"angle": 0, "axis": "x", "origin": [0, 0, 5]},
			"faces": {
				"north": {"uv": [7, 13, 8, 16], "texture": "#0"},
				"east": {"uv": [6, 13, 7, 16], "texture": "#0"},
				"south": {"uv": [5, 13, 6, 16], "texture": "#0"},
				"west": {"uv": [4, 13, 5, 16], "texture": "#0"},
				"up": {"uv": [6, 13, 5, 12], "rotation": 180, "texture": "#0"},
				"down": {"uv": [7, 12, 6, 13], "rotation": 180, "texture": "#0"}
			}
		},
		{
			"from": [-1.35, -0.25, 2.75],
			"to": [3.15, 12.25, 7.25],
			"rotation": {"angle": 0, "axis": "x", "origin": [0, 0, 5]},
			"faces": {
				"north": {"uv": [3, 13, 4, 16], "texture": "#0"},
				"east": {"uv": [2, 13, 3, 16], "texture": "#0"},
				"south": {"uv": [1, 13, 2, 16], "texture": "#0"},
				"west": {"uv": [0, 13, 1, 16], "texture": "#0"},
				"up": {"uv": [2, 13, 1, 12], "rotation": 180, "texture": "#0"},
				"down": {"uv": [3, 12, 2, 13], "rotation": 180, "texture": "#0"}
			}
		}
	],
	"display": {
		"thirdperson_righthand": {
			"rotation": [8, 180, -5],
			"translation": [-1.25, 1.25, -0.5],
			"scale": [0.3, 0.3, 0.3]
		},
		"thirdperson_lefthand": {
			"rotation": [0, 180, 0],
			"translation": [3.75, -0.5, -0.25],
			"scale": [0.3, 0.3, 0.3]
		},
		"firstperson_righthand": {
			"rotation": [-20, 173, 0],
			"translation": [-3.25, 3.25, 1],
			"scale": [0.3, 0.3, 0.3]
		},
		"firstperson_lefthand": {
			"rotation": [-20, 97, 0],
			"translation": [6.25, 3, 3.25],
			"scale": [0.3, 0.3, 0.3]
		},
		"ground": {
			"translation": [2.75, 4.75, 8],
			"scale": [0.3, 0.3, 0.3]
		},
		"gui": {
			"rotation": [0, -180, 0],
			"translation": [-4, -3.75, 0],
			"scale": [0.45, 0.45, 0.45]
		},
		"head": {
			"translation": [11.5, -4, 3],
			"scale": [0.3, 0.3, 0]
		},
		"fixed": {
			"translation": [3.25, -3.5, 0],
			"scale": [0.4, 0.4, 0.4]
		}
	},
	"groups": [
		{
			"name": "Head",
			"origin": [0, 24, 0],
			"color": 0,
			"children": [0, 1]
		},
		{
			"name": "Body",
			"origin": [0, 24, 0],
			"color": 0,
			"children": [2, 3]
		},
		{
			"name": "RightArm",
			"origin": [5, 22, 0],
			"color": 0,
			"children": [4, 5]
		},
		{
			"name": "LeftArm",
			"origin": [-5, 22, 0],
			"color": 0,
			"children": [6, 7]
		},
		{
			"name": "RightLeg",
			"origin": [1.9, 12, 0],
			"color": 0,
			"children": [8, 9]
		},
		{
			"name": "LeftLeg",
			"origin": [-1.9, 12, 0],
			"color": 0,
			"children": [10, 11]
		}
	]
}