{
	"credit": "Made with Blockbench",
	"texture_size": [160, 160],
	"textures": {
		"1": "item/texture2"
	},
	"elements": [
		{
			"from": [6.7, 11.9, 5.7],
			"to": [8.7, 13.9, 7.7],
			"rotation": {"angle": 0, "axis": "y", "origin": [6.7, 11.9, 5.7]},
			"faces": {
				"north": {"uv": [5, 4, 6.00157, 5.00156], "texture": "#1"},
				"east": {"uv": [6, 4, 7.00157, 5.00157], "texture": "#1"},
				"south": {"uv": [8, 4, 9.00156, 5.00156], "texture": "#1"},
				"west": {"uv": [7, 4.00469, 8.00156, 5.00626], "texture": "#1"},
				"up": {"uv": [8.02596, 5.00156, 7, 4], "texture": "#1"},
				"down": {"uv": [5.0047, 4, 4.00313, 5.00156], "texture": "#1"}
			}
		},
		{
			"from": [7.45, 11.15, 6.45],
			"to": [7.95, 13.15, 6.95],
			"rotation": {"angle": 0, "axis": "y", "origin": [7.7, 12.15, 6.7]},
			"faces": {
				"north": {"uv": [0, 0, 0.05004, 0.20016], "texture": "#1"},
				"east": {"uv": [0, 0, 0.05004, 0.20016], "texture": "#1"},
				"south": {"uv": [5, 4, 5.05004, 4.20016], "texture": "#1"},
				"west": {"uv": [8.02556, 4.00026, 8.05161, 4.40099], "texture": "#1"},
				"up": {"uv": [0, 0, 0.05004, 0.05004], "texture": "#1"},
				"down": {"uv": [0, 0, 0.05004, 0.05004], "texture": "#1"}
			}
		},
		{
			"from": [6.65, 5.25, 5.75],
			"to": [8.65, 11.25, 7.75],
			"rotation": {"angle": 0, "axis": "y", "origin": [16.9, 5.25, 6]},
			"faces": {
				"north": {"uv": [0, 0, 16.01254, 16.01252], "texture": "#1"},
				"east": {"uv": [0, 0, 16, 16], "texture": "#1"},
				"south": {"uv": [0, 0, 16, 16], "texture": "#1"},
				"west": {"uv": [0, 0, 16, 16], "texture": "#1"},
				"up": {"uv": [1.00078, 3.00235, 0, 2.00156], "texture": "#1"},
				"down": {"uv": [1.00078, 2.00156, 0, 3.00235], "texture": "#1"}
			}
		}
	],
	"display": {
		"thirdperson_lefthand": {
			"rotation": [-8, 0, 0]
		},
		"gui": {
			"scale": [2.1, 2.1, 2.1]
		},
		"head": {
			"rotation": [-17, 0, 0],
			"translation": [-0.5, -30.5, 6]
		},
		"fixed": {
			"rotation": [-90, 0, 0],
			"translation": [0, 0, -1.75]
		}
	},
	"groups": [
		{
			"name": "group",
			"origin": [1.1, 5.25, 1],
			"color": 0,
			"children": [0, 1]
		},
		2
	]
}